district_id,district_name,population,unemployment_pct,single_parent_pct,welfare_pct,child_poverty_pct,unemployment_change,single_parent_change,welfare_change,child_poverty_change,deprivation_score
011001,Tiergarten Süd,16254.0,3.5967662101963374,22.191528545119706,11.621754645010459,24.880382775119617,-1.2503560919619359,0.01890949750065829,-1.5349166706566724,-5.577057873403831,-0.24450847267872186
011002,Regierungsviertel,13725.0,2.144933346697404,22.416713721061544,5.7632058287796,14.369310793237972,-0.5562854959511081,1.7336017666023409,-0.5734902620148512,-3.732878987783927,-0.8505722584343873
011003,Alexanderplatz,61297.0,2.6706165852364423,26.023010319060607,7.289100608512651,16.013651877133107,-0.7300583936704665,-0.008573990669397347,0.22496206377995165,-1.9004763503110453,-0.5190097218668311
011004,Brunnenstraße Süd,32422.0,1.5054265375189637,21.39418791228383,3.491456418481278,5.292536696299359,-0.5322543875234882,-0.7401994394948268,-0.5451938025733774,-1.5974759459256722,-1.241774797089475
012005,Moabit West,47057.0,4.90613266583229,26.090979182729374,14.299679112565611,31.87454412837345,-1.6025226133147923,0.7161785447708411,-0.6975853583830709,-5.277449852062972,0.34186322004187125
012006,Moabit Ost,43047.0,3.9970254694181078,21.59399456955758,12.01709759100518,24.75836431226766,-1.4599602579617539,-0.6355787020269368,-1.3736105994987948,-5.019498575514799,-0.2122310837732
013007,Osloer Straße,38400.0,8.860051068592815,27.090808722053545,24.028645833333336,53.40013140604468,-1.8744323032727372,0.5778404223417297,-2.6180450145876044,-7.55578656585908,1.670043455898878
013008,Brunnenstraße Nord,40302.0,7.653290086608468,23.544433094994893,23.041040146890975,48.23116803903629,-2.1806635349203045,0.5503290191169121,-1.9048789735630507,-5.286762056288268,1.2193986222323914
014009,Parkviertel,46109.0,6.04171661472069,29.188361408882084,15.582641132967535,39.074504198677865,-1.670248339190052,0.192539035371329,-1.416789665228535,-5.743119492185265,0.8132821130962355
014010,Wedding Zentrum,56986.0,7.556463511519691,25.9464346253814,21.061313305022285,48.685269653877114,-1.8720351101125736,0.5225154788345137,-1.9322718696035182,-6.913134601442032,1.24772540630355
021001,Südliche  Friedrichstadt,41457.0,8.99016393442623,23.05876180482686,25.286441372988882,51.63461538461539,-2.2710051536305205,0.18828339175801645,-1.5547539838893556,-4.196379314480339,1.5112669181082095
022002,Tempelhofer Vorstadt,64846.0,3.9135537658343114,23.568643546070184,9.90037936033063,17.368357922514093,-1.0734811494403673,-0.14446212533104585,-1.0087394889793853,-2.952560325319123,-0.3558331793640427
023003,Nördliche Luisenstadt,20080.0,6.332231512087628,30.228590924599114,18.14741035856574,31.981795614398013,-2.3816725713623157,3.444046065398066,-1.531030567134625,-7.868125396660442,0.8744918060040434
023004,Südliche Luisenstadt,26536.0,4.803743673001624,27.982527982527984,13.038890563762436,22.54335260115607,-1.9978302449297978,1.8875896137894586,-1.2219982922606345,-4.618272818947812,0.19242952583175876
024005,Karl-Marx-Allee Nord,25509.0,3.5325335839460443,28.892331525948876,7.550276373044808,17.274867569158328,-0.8178110838405512,-0.9436413247298567,-0.6911464424694156,-2.731463548283898,-0.24549660495568065
024006,Karl-Marx-Allee Süd,26623.0,3.5277540133863416,29.904761904761905,9.277692221011907,24.007561436672965,-1.2594520469008907,-0.5711555264307577,-0.979713532763764,-3.8842600035355694,0.0031505906322011924
025007,Frankfurter Allee Nord,31645.0,3.1167622887269344,26.13065326633166,7.18280929056723,12.352106010411736,-1.181411280829951,0.18250670537172553,-0.94636309899421,-1.667478417579666,-0.535181196284457
025008,Frankfurter Allee Süd FK,56535.0,3.015955376832274,26.612138454243716,6.694967719112055,13.118450722907548,-0.9868832012175344,1.8133270143526659,-1.040823036472582,-2.3292594616447424,-0.5302066110061634
031001,Buch,17703.0,6.664245505719993,31.998822490432733,11.630797040049709,23.751686909581647,-0.8971356935365851,-3.304641125709619,-0.4648176256584158,-1.874447391688772,0.564614689230411
032002,Blankenfelde/Niederschönhausen,29386.0,2.396824589079436,23.020290896031604,5.009188048730688,8.223263740945889,-0.06679888100513631,-0.576039379197752,-0.049857440752925974,-0.16229925883798835,-0.9396830490047231
032003,Buchholz,18725.0,2.1953188054882973,20.22838499184339,4.6995994659546065,7.647250244061178,0.11609461087948736,-1.1208654245919227,0.04679529634713653,-0.537225234990462,-1.1220406963610257
033004,Karow,20152.0,3.0721489526764936,28.636363636363637,7.4037316395395,17.789001122334454,0.34336622705757414,0.3277279695266415,0.22387990804767544,1.6321849655182987,-0.30796173962201034
033005,Blankenburg/Heinersdorf/Märchenland,16574.0,2.1665410700828938,18.187964841108858,4.072643900084469,8.740978348035284,0.029452238095499794,-0.08520225974711337,0.11994974374751033,0.44808024481516995,-1.2303859331926355
034006,Schönholz/Wilhelmsruh/Rosenthal,18919.0,2.3815251383209044,21.071535468422628,4.418838204979122,7.686703096539162,0.12472214011331095,0.6135662005708653,0.2773646108863401,0.5568376909371251,-1.0710054402813254
034007,Pankow Zentrum,37752.0,2.9689661988535283,27.543391188251004,5.73479550752278,10.203442879499217,-0.23725884799728236,0.5178191828674237,-0.3420036331861347,-0.6815401608954801,-0.5864988782234373
034008,Pankow Süd,36897.0,3.020108570991666,30.944407233757538,5.65628641895005,10.85603112840467,-0.569593697248937,-0.669712026009428,-0.8997603659847533,-2.4396667497343234,-0.40739302666720356
035009,Weißensee,40966.0,3.553144600779793,27.06114398422091,6.966752917053166,11.176379656824857,-0.6727666226052667,-1.5521781774883507,-0.32475317204811294,-1.6269409051163937,-0.47087444369798503
035010,Weißensee Ost,15887.0,4.612834015993759,33.843058350100605,8.063196324038522,19.443155452436194,-0.48930653722684525,-2.166979291053721,-0.2548735300636693,-1.9578107311386859,0.1817253794912499
036011,Prenzlauer Berg Nordwest,27506.0,2.799363780958873,24.954710144927535,4.857122082454738,7.517805328409391,-0.46668612091945594,0.7458859361033277,-0.5875240155488921,-0.16062806504590288,-0.8192444228570711
036012,Prenzlauer Berg Nord,27605.0,2.998029464201933,30.95304251180884,5.038942220612208,8.53110968569596,-0.35713378560824127,0.28148494973208926,-1.1151842140753487,-2.801153556679642,-0.47959627673120514
036013,Helmholtzplatz,22992.0,2.821215540867322,24.950248756218908,5.11482254697286,6.71751246699912,-0.5216794282412391,0.005763189971684568,-0.8805622049575561,-1.0883348222430032,-0.8208530741007274
036014,Prenzlauer Berg Ost,28475.0,5.333897766959467,31.73894557823129,9.755926251097453,22.70935960591133,-0.7876240956186136,0.424423898947051,-0.8485744107645861,-1.8658037927814775,0.2976240317493287
037015,Prenzlauer Berg Südwest,27506.0,2.0696617869762743,24.286007807684403,3.722824111103032,4.97090203685742,-0.29001428116111727,0.600756720298083,-0.749257479622627,-1.114243728991724,-1.0326607550583184
037016,Prenzlauer Berg Süd,33723.0,2.567171093267449,26.07619990103909,4.860184443851377,7.154150197628459,-0.43760834730294995,0.8288331598964156,-0.7282520430772133,-1.1173631554872685,-0.7986944879525557
041001,Charlottenburg Nord,19350.0,8.087828765500356,34.68454739408717,18.527131782945734,42.012261089073206,-0.7144571302056519,0.04381943676052913,-1.253314539787862,-5.175467179736145,1.4977661997143232
042002,Heerstraße,13029.0,2.054095432508293,23.095944609297725,5.357279914037916,11.042566317088218,0.4268388853432792,3.609863238848046,2.1282570577716173,3.9373031591934815,-0.9080498785322603
042003,Westend,28022.0,3.127120560959059,23.736144904028116,6.487759617443438,14.487632508833922,-0.32580179039684465,0.8098462910283857,0.14028943185314802,-1.0837498155428982,-0.6394971851730782
043004,Schloss Charlottenburg,43342.0,3.745355959433678,25.932711525649566,8.525218033316413,14.20711338180389,-0.32291619394485815,-0.2368034061646931,-0.6224538482118351,-3.6507650939942593,-0.379399171579068
043005,Mierendorffplatz,15276.0,4.631839476708212,30.12486992715921,10.978004713275727,25.076828518746158,-0.5107707220817623,2.9538523459125408,-0.18663844211709169,-2.4629511630163847,0.2349674173240203
043006,Otto-Suhr-Allee/Kantstraße,49637.0,4.055709037053915,25.296442687747035,9.579547514958598,19.03964265773311,-0.2861105800765369,0.07557254272286329,-0.06284455155447333,-2.5883097139241222,-0.23832040087701867
044007,Grunewald,19893.0,2.827998009620169,26.05014653207424,6.208213944603629,11.757947146687094,0.13273766249066288,0.6428675026115052,0.6058316703392572,0.8541328846638763,-0.6255594165505346
044008,Schmargendorf,34575.0,3.1352899069434503,23.568627450980394,6.29067245119306,11.853398283460914,0.04265679242849796,-0.5102071676999849,0.017143039428353823,-0.5038714450343917,-0.7044528515825529
045009,Halensee,28073.0,3.32568195163615,26.13079019073569,6.889181776083782,12.989493791786055,-0.3427084814601655,1.8018353078116505,-0.6100971394051138,-3.7948990773696796,-0.5115889359717921
045010,Lietzenburger Straße,40614.0,3.7223152801042247,26.809804294128824,8.058797459004284,17.61634506242906,0.45455813303673276,2.279192049230865,1.2176329429542356,3.1622806083646022,-0.2958534404323076
045011,Volkspark Wilmersdorf,49344.0,3.496880998080614,24.49827981651376,7.7395428015564205,15.918858518136497,-0.13566089309115448,-0.19215730119472596,-0.1770819089460458,-1.1917429988859052,-0.47920435696063457
051001,Hakenfelde,28194.0,4.033348355114916,24.924379915305504,11.782648790522806,23.79182156133829,-0.8215391753023189,-0.5579730258709681,0.8864576030694824,-2.2998814954302738,-0.0752850395692577
051002,Falkenhagener Feld,42728.0,6.746979101627061,31.273788378584115,17.61140235910878,37.761919222593384,-1.2217179900618662,-0.8856800599540904,-1.0659093663440302,-5.9851238305528085,1.0584042065035433
051003,Spandau Mitte,39315.0,7.041734257484148,28.402040534951055,18.65445758616304,40.95346566872763,-1.0746633961599876,-1.5354036116083734,-0.7066828573427699,-4.327904481569469,1.058442949058425
052004,Brunsbütteler Damm,23641.0,4.37391652220296,27.248613455510007,10.68482720697094,25.899071925754058,-0.27756256654236466,-0.09573216075428448,0.08213908095433098,-1.1647321262568298,0.06888531484974925
052005,Heerstraße,30664.0,8.292247980698626,32.32502965599051,22.449778241586223,47.41028813858936,-1.0550612909676804,0.4500296559905159,-1.646207970339134,-5.312394876196073,1.677023987421336
052006,Wilhelmstadt,37150.0,5.579680458828349,30.334099345943077,13.981157469717362,34.61538461538461,-0.9084674086298623,-0.1969571374496759,-0.0035274134911009725,-2.244303580606477,0.6627169590405497
053007,Haselhorst,19314.0,6.121819583654588,26.38052865741952,16.58382520451486,33.96739130434783,-1.09789898527763,-2.148592764100716,-0.19298920159682353,-3.6578978244108455,0.6342288463955049
053008,Siemensstadt,12942.0,5.637117561358288,30.803771890435566,14.364085921804975,33.11965811965812,-0.5586979512992079,0.6767301481488133,-0.36118880346975146,-2.227453698041934,0.6804936772021506
054009,Gatow/Kladow,20227.0,1.2432938772034403,15.760869565217392,3.0750976417659563,4.960505529225909,0.11511545144625912,-1.150698695536013,0.5495141361955578,1.5334120924331507,-1.5684606475004523
061001,Schloßstraße,22193.0,2.3323615160349855,20.721554116558742,5.668454017032397,10.370098937339685,-0.2333199289568042,-0.4809775290108753,0.744777792907743,0.9197977325204096,-0.9897041110327753
061002,Albrechtstraße,54022.0,2.937216650638824,24.628312863606983,6.821295027951575,12.605421686746986,-0.7405221798291,-0.7525322814453439,-0.17296676154768686,-1.633910409727969,-0.6393792002319258
062003,Lankwitz,44107.0,3.541479215403995,26.614567974048953,8.381889495998369,17.976559806963117,-0.7095551663469477,-0.43932238159633386,0.15148405956878008,-0.7564225854856055,-0.30565784462296897
062004,Ostpreußendamm,35929.0,3.184033418426549,25.866250866250866,7.820980266636979,19.87888912090207,-0.6307062067091862,1.5218142964422192,0.15773752264750218,0.11318092068907859,-0.37174370646181304
063005,Teltower Damm,34316.0,2.2452921294060837,23.467270326353518,5.213311574775615,9.232889297197978,-0.4480780363397727,-0.891213013363064,0.5911912174648482,-0.39552855744095616,-0.9079997684336971
063006,Drakestraße,50268.0,2.389089198934002,18.734476641040803,4.985278905068831,9.15381288741531,-0.4583812981077924,0.4930068247678392,0.6508024715414358,0.2566058617890494,-1.1312363756969777
064007,Zehlendorf Südwest,26943.0,1.3728824233264059,20.26129792246734,3.5853468433359312,5.703723263797201,-0.07721530065064464,0.7737726358860861,0.6476746413849295,1.19040080593967,-1.3001596218024938
064008,Zehlendorf Nord,43262.0,1.3138285355714172,20.842303552206673,3.150570939854838,5.782085561497326,0.06407888606210421,2.527635428743139,0.7209778908669744,1.7943034471243413,-1.2961409182443824
071001,Schöneberg Nordwest,26359.0,5.175128970947597,25.555868280326482,15.171288743882544,31.8029490616622,-1.0786064270420797,1.5212861477616393,-0.9386559020422514,-3.78738778760626,0.3833109575619864
071002,Schöneberg Nordost,24106.0,4.597831639893285,24.753034151848716,12.221023811499212,20.405405405405403,-0.7135236714620259,-0.1977394065197764,-1.7509153901042644,-5.485964138080099,-0.0626625260738573
072003,Schöneberg Südwest,21126.0,3.890548614883216,23.501523874026415,9.481207990154312,20.1106282101936,-0.8158946489772938,-0.17640174862797053,-1.3542206354920658,-1.7111539680242238,-0.3283677682491654
072004,Schöneberg Südost,31217.0,3.544065402559603,23.294117647058822,10.375756799179934,18.4152061219452,-0.6584926762709897,-0.0951745489484388,-0.5162404491576034,-2.1499430146325054,-0.3719651158143835
073005,Friedenau West,25372.0,2.256964852474433,19.09887359198999,5.0567554784802144,9.479386096900392,0.24685338265656132,-2.695657865403163,-0.15047087646133672,2.126919150753987,-1.1197996882932078
073006,Friedenau Ost,21593.0,3.6289514134866003,23.691860465116278,8.743574306488213,17.964693665628246,-0.07940395404380718,0.12981666949583825,-0.5075676673963425,-1.9388876015893857,-0.4214053470265075
074007,Tempelhof Nord,18153.0,5.165900131406045,23.862908392056372,10.85220073817,20.120572720422008,0.4390633442849623,-2.5183070775568908,-0.1693967935406615,-2.4416467818219765,-0.10382876361946378
074008,Tempelhof Südwest,32631.0,4.397175797658415,27.43417023882425,11.219392602126813,24.911535739561216,-0.33879170603434794,-0.7742160381770162,-0.8772553901113014,-2.6738241228804434,0.0849984780523417
074009,Tempelhof Südost,15273.0,6.501149425287355,27.722772277227726,16.362207817717543,39.02205177372963,-0.6538600265084851,0.2511694164788807,-0.17186802423419323,-3.143736439015939,0.8282874482411458
075010,Mariendorf Nord,32123.0,5.350166746069557,26.247153798385426,12.302711452853096,28.05755395683453,-0.3222545508983812,-1.4562899392763455,-0.4434970928646056,-4.0337007960171825,0.24371236174062533
075011,Mariendorf Süd,20909.0,4.300555689780141,23.098680075424262,9.460041130613611,24.204293116210216,-0.6417443500129352,1.3811734441245278,-0.9178575238381494,-0.4992641960427484,-0.22445715620138268
076012,Marienfelde Nord,17944.0,5.64904939506959,20.933734939759034,13.854213107445384,32.72594752186589,-0.7463533299280929,-1.838238016602368,-1.2733006550532124,-5.358601673794418,0.17575982758076963
076013,Marienfelde Süd,14532.0,7.00836820083682,31.374853113983548,15.53812276355629,35.76066790352505,0.15243699574788128,0.6777475289855843,-0.2688195680714234,-2.158795183723278,0.9671302204247358
076014,Lichtenrade Nord,21396.0,3.2800868486352357,24.72573839662447,6.926528323051037,16.566063044936286,0.2972208050215288,-0.2670962264767027,-1.0059729624161715,-1.5848546980956684,-0.5161575051475485
076015,Lichtenrade Süd,31179.0,5.16624859902866,27.36206896551724,11.729048397960165,25.988932158229144,-0.24554196192952915,0.9507420459311078,-1.058658734897861,-5.907992917561241,0.2128484665304669
081001,Schillerpromenade,33069.0,7.400597563778442,27.6618398637138,16.577459251867307,37.87459078317804,-2.213804385830457,-1.04680474674511,-2.711333851580971,-9.480698637979643,0.9174911446510119
081002,Neuköllner Mitte/Zentrum,38054.0,8.262632457664656,27.735978112175104,19.36458716560677,44.50380110951305,-2.0678322583422286,-0.028767196135884632,-1.960977675815812,-5.824949637647741,1.2649765376995123
081003,Reuterstraße,38803.0,5.814333311556804,28.29058228796106,14.181893152591293,30.51663747810858,-1.2651112593514595,1.1109076398162934,-1.393364263285454,-5.864234651657586,0.523057016145084
081004,Rixdorf,39434.0,7.590704991642358,25.948233762005536,17.997159811330324,41.766838389620304,-1.7529774607058446,-0.23570029327165543,-1.3836810158945454,-5.410355573487578,0.990632912989811
081005,Köllnische Heide,15449.0,14.071914480077746,27.39762931034483,33.29018059421322,65.61604584527221,-3.05744169239715,2.2382244219282548,-2.629751816263159,-6.2249973090276995,2.916283949225896
082006,Britz Nord,20853.0,8.791741720936677,25.728669846316905,20.150577854505347,44.551681195516814,-1.4369070432203142,-1.0357918198884661,-0.2596835770035142,-4.611229300297744,1.2640527146862492
082007,Britz,23144.0,4.860739153722549,26.119190191046478,10.240235050120981,21.27371273712737,-0.8130673325461677,0.35373669595693613,-1.1084775816398622,-3.154809951374851,-0.03491068456576601
082008,Buckow,28586.0,5.562514233659758,26.302573760200882,11.180298047995523,28.736479842674534,-0.9581057972273896,-0.35556230292558055,-0.8178835158595614,-4.91567218350216,0.23557172810953728
083009,Gropiusstadt West,20006.0,7.83578911506686,27.28080568720379,17.71968409477157,43.09199020636586,-1.77608897818659,-0.6167263340395692,-0.8819189702080124,-4.925630939008592,1.0963752448987547
083010,Gropiusstadt Ost,18143.0,9.148992812139497,24.295572167912592,19.853386981204874,43.77332880895826,-1.5258876586218122,-0.4043077840681981,-0.6096072736109441,-3.5838900629821424,1.2089428140886314
084011,Buckow Nord,9725.0,5.154817505621865,26.233766233766232,11.197943444730077,31.138652207591015,-0.7821352089140374,2.801650451547072,-0.002306607364110036,-0.8312977089365319,0.23068380212192197
084012,Rudow,44210.0,3.33891680625349,22.74256144890039,7.201990499886904,17.974954184483813,-0.32129648942485733,0.643113935088234,0.11439095494947527,-1.677191459209297,-0.5669229572277388
091001,Alt-Treptow,13336.0,4.027249048286916,25.123966942148762,8.705758848230353,15.388280133396856,-0.7161572081023699,0.862626950471693,-0.8028611867054725,-1.0668209479383588,-0.3558730583477676
091002,Plänterwald,11397.0,3.758440565677156,31.041388518024032,7.396683337720453,17.01649175412294,-0.8480348225829131,2.015678098538242,-0.6128750302767143,-1.5441143064831238,-0.12688059815753983
091003,Baumschulenweg,19290.0,3.846453320875185,27.731995700465784,6.889580093312597,15.615986814997939,-0.887417646866751,-0.6779809168374094,-0.37727711003237996,-2.663583077475181,-0.3245592563250531
091004,Johannisthal,21024.0,3.2690634966657,30.559757942511347,6.9063926940639275,17.607621736062104,-0.30375809628226813,-0.6535492981931554,0.1879558203164322,0.56830022488246,-0.21692813347963774
092005,Oberschöneweide,24934.0,5.535589765595666,34.33373349339736,13.082537900056149,30.870279146141215,-1.5579050085205024,0.16920907180353595,-1.4153045570045144,-4.336476823573406,0.7420962545318917
092006,Niederschöneweide,14335.0,4.461916461916462,30.45230631437528,11.405650505755146,27.054619703930577,-0.6557567174796297,-1.1162241161046822,1.001159579886183,-1.0314505112449623,0.28647390178021664
092007,Adlershof,21339.0,4.190425672987668,30.13372956909361,8.777356014808566,22.05733558178752,-0.3798674218955913,0.5846409857869297,0.3211462176784323,-0.2624595151755251,0.03311733070848943
092008,Köllnische Vorstadt/Spindlersfeld,12277.0,4.755828790163554,37.86453433678269,11.932882626048709,27.986906710310965,-1.4269320653127906,-1.1610324746017753,-1.7463211086469652,-4.278286659854782,0.7187985611368303
093009,Altglienicke,29656.0,4.526261585993821,29.318618042226486,11.181548421904505,25.13030528667163,-0.1832642576627359,0.6474114768344812,0.48027176596504795,-0.931902479134429,0.19349976715781386
093010,Bohnsdorf,15194.0,3.0324400564174896,23.12593703148426,6.436751349216796,15.188762071992976,0.25925147959426553,0.09535315752689044,1.8681849076898933,4.601817475174544,-0.6690232295628605
093011,Grünau,8019.0,2.5346534653465347,20.9098164405427,4.002992891881781,7.720254314259764,-0.15079667773072725,-3.382421002379676,-0.09843429392949776,-1.7447662618719235,-1.078268014710765
093012,Schmöckwitz,4582.0,1.0130246020260492,18.586387434554975,3.2955041466608463,7.6923076923076925,-0.6831683870429295,-1.9192305429731142,0.8866792929913281,2.454991816693944,-1.3980394435701589
094013,Köpenick Süd,12149.0,2.525539160045403,25.335892514395393,4.156720717754548,7.228017883755589,-0.26622943975312907,-1.0289543564434886,0.09829263243626407,-0.9890363798103028,-0.868109540306339
094014,Allende-Viertel,12069.0,4.347151063499457,25.799457994579946,8.03711989394316,20.025591810620604,0.30321696464773407,-5.199244988558835,0.8239763339361303,-0.8371532874186123,-0.22793482786097755
094015,Altstadt Köpenick,7531.0,6.009569377990431,36.0655737704918,14.1149913690081,29.343629343629345,-0.13317633183796218,-0.9226288665657947,-0.11425764284960849,-0.3337900112093628,0.8965074215162794
094016,Müggelheim,6970.0,1.2921089063221043,18.694096601073344,1.8220946915351508,3.2665964172813484,-0.1969557749249875,1.041514441448932,-0.24576609192196264,-0.5669194644273041,-1.5066056907090144
095017,Friedrichshagen,19057.0,2.6631158455392807,28.75451856720342,4.586241276171486,9.038013964313421,-0.3100531174773984,0.7585467645850876,0.27775582191297676,1.3974755636800094,-0.6346274568267454
095018,Rahnsdorf,10622.0,1.8201449946012649,20.55968018275271,3.831670118621729,7.016348773841961,-0.39381478231271183,-2.0758809773986115,0.2500954432970537,-0.9475881157147636,-1.1986625229861136
095019,Dammvorstadt,12037.0,3.076357396739797,25.15101592531576,6.106172634377336,12.145499383477189,-0.8194179637459102,-0.3698174080175711,0.020772480963887396,-0.9606605116735327,-0.6372913862192409
095020,Köpenick Nord,13362.0,2.1434766447775986,26.572668112798265,3.704535249214189,7.092651757188498,-0.6903791545954423,-0.376873171605407,-0.06408217217892043,-0.8778773787793517,-0.8746529513647651
101001,Marzahn Nord,24785.0,5.9488575825736945,43.30943847072879,17.83336695582005,35.39192399049881,-0.5507836515808142,1.274928037341951,-1.7127230038872092,-4.447395480200619,1.5123741227887924
101002,Marzahn Mitte,50754.0,5.879186981574115,35.655966894083434,14.692438034440636,32.938856015779095,-0.9654989447444642,-1.8710439102382992,-1.2264719024154633,-4.684766476450349,0.9537265037688825
101003,Marzahn Süd,40148.0,4.439586311275541,28.463553706272155,10.60326790873767,24.29718875502008,-0.1153420430449108,-0.6243401577411092,0.39631129790830677,0.565759081086064,0.10169475464851112
102004,Hellersdorf Nord,40405.0,6.822619005360123,38.958147818343726,19.58173493379532,39.59358011907844,-0.8726176393491647,-3.5002992171313423,-1.3001707935234812,-3.7703957499247167,1.557341780046667
102005,Hellersdorf Ost,22905.0,5.515890566753017,36.52694610778443,16.594629993451214,35.90221187427241,-0.4413841822192861,-4.1167830820046944,-1.0804622833324125,-4.413792203199556,1.0908134979186987
102006,Hellersdorf Süd,25820.0,4.9171469740634,41.562853907134766,12.285050348567001,29.49489662392044,-0.2854452371897036,0.180209478805061,-0.8748274922294126,-2.7145332006409646,0.9595708200278084
103007,Biesdorf,30741.0,1.9184776957471144,19.095977698128237,4.628997104843694,9.343844191977741,0.0168994405958649,0.4587031490300433,0.5675224027197077,1.6455549229264195,-1.1801323712610987
104008,Kaulsdorf,19640.0,1.2661290322580645,20.861748295102295,2.7342158859470467,5.393424455116365,-0.06038527172147834,0.06329369111002237,-0.2387849384552614,-0.4712371990189741,-1.3258935109018168
104009,Mahlsdorf,30480.0,0.8201002925198495,17.54954268292683,1.968503937007874,3.0329864954615893,0.11403334691315492,0.296306436972138,0.03282493710869083,-0.0934827099921014,-1.6147822629262514
111001,"Malchow, Wartenberg und Falkenberg",6392.0,3.300180831826401,16.015325670498086,8.213391739674593,17.757847533632287,1.379100873363265,-0.6988243769852964,0.4188188021404464,-0.24673962233101676,-0.8570819927841972
111002,Neu-Hohenschönhausen Nord,30227.0,7.1542209406383614,38.77259752616556,17.26932874582327,37.91705069124424,-0.48383428145047436,-1.3857921785036353,-1.078462256799284,-4.496808056138207,1.4561880111410914
111003,Neu-Hohenschönhausen Süd,27929.0,7.0805856711746955,38.75739644970414,15.7327509040782,38.63689230053501,-0.45110287567908536,0.6780645081592525,-0.5156807144914364,-2.0622032751188684,1.3944264444635173
112004,Alt-Hohenschönhausen Nord,17209.0,5.621853440238672,28.386540120793786,12.679411935615084,30.52490805750585,-0.5249183315331001,0.11364522220743112,0.24319501381610387,0.2923499179709701,0.4410042725936809
112005,Alt-Hohenschönhausen Süd,34234.0,4.4051475881929445,28.656668279309788,9.931646900741953,23.38754907459338,-0.5932204819334128,-0.6454997423704327,-0.8553232341328059,-3.8443321522087253,0.06115338789407391
113006,Fennpfuhl,34209.0,5.290665688611773,35.73061733527334,11.002952439416527,29.417428984111698,-0.5012067002982166,2.2904463951024,-0.30930497517859656,-2.743997111456512,0.6646603945747255
113007,Alt-Lichtenberg,33680.0,4.224221008673306,26.349972165522363,10.109857482185273,20.92681903963095,0.18567711145703125,-1.441210111292726,1.3654700032819829,2.9037061800292783,-0.10974037114432167
113008,Frankfurter Allee Süd,10285.0,5.710549258936356,33.162612035851474,12.211959163830821,33.779761904761905,0.31094809311337723,0.7118313162316454,-0.05200226646246975,0.4203869047619051,0.7229559771558113
114009,Neu-Lichtenberg,35200.0,4.0626548267845575,29.56960201692779,8.303977272727273,17.430441898527004,-0.5392270424334384,-0.4453400824371734,-0.7429009378577511,-2.0920596860916305,-0.11597073220283724
114010,Friedrichsfelde Nord,16360.0,5.673889092912229,29.188982402448353,12.04156479217604,30.579964850615116,-1.0024114851224528,0.49475399475289805,-1.1248377434816472,-4.48374444622301,0.45946153851774807
114011,Friedrichsfelde Süd,27832.0,5.416225126574827,34.001448925380345,12.108364472549583,36.11033714126498,-0.5392641187316505,1.3784981057082106,0.3907139281454661,-0.06390528297744424,0.7685329155729685
115012,Rummelsburger Bucht,4427.0,3.2375289065080937,16.111611161116112,6.279647616896318,10.71049840933192,0.15952960605338928,0.34166681974319957,-0.27077651128464275,0.6041154306085179,-1.0747429786432
115013,Karlshorst,30302.0,2.607715308073134,20.789098399619714,5.072272457263547,9.521198830409357,0.6230869652641213,-0.21960342954029244,1.4707426038744966,3.980248375404301,-0.9959765754003582
121001,Ost 1 - Reginhardstraße,28515.0,6.6085837334785404,30.512341837792988,18.800631246712257,42.55580083394653,-1.3443389040356175,0.38586454150437177,-1.1554249734251556,-4.568955501336127,1.1464140627324584
121002,Ost 2 - Alt-Reinickendorf,27496.0,5.938051677098379,33.03717559036708,15.373145184754147,36.16326530612245,-0.7669394581296878,0.4248227905593396,-0.6778933478880411,-3.8367346938775526,0.9236654905437641
122003,West 4 - Auguste-Viktoria-Allee,27570.0,8.0823080186678,29.972521665609808,20.007254261878852,48.16120906801007,-0.8905245389683092,-0.695279270162203,-0.6816435747915968,-3.7483386706833883,1.4482077234009476
122004,West 1 - Tegel-Süd/Flughafensee,16670.0,5.273172057624354,26.684034238928174,12.099580083983204,26.813186813186814,-0.19601692907727575,-0.8634279850160347,-1.7198088629646033,-5.390203017321657,0.22384999226215804
122005,West 5 - Tegel,11036.0,2.9547828682286226,23.628383321141186,6.170714026821312,14.491525423728813,-0.2611903065922889,-2.0859023931445257,-0.6729760908901588,-3.875821515046699,-0.6782454352652996
124006,West 2 - Heiligensee/Konradshöhe,24411.0,1.4319132345644006,18.62457170827215,3.5803531194953093,6.317954745812518,0.22852696156363095,0.4221547898431446,0.7414952264857919,1.3501534578640362,-1.3610906945234034
124007,Nord 1 - Frohnau/Hermsdorf,33308.0,1.192684866154254,16.675584091314427,3.0413113966614627,5.407166123778501,-0.08758825877906506,0.20226622588519305,0.31798354988606237,0.6771445255063631,-1.5232249155822757
125008,West 3 - Borsigwalde/Freie Scholle,16510.0,3.7486012681835135,31.085450346420323,8.364627498485767,19.328641039523554,-0.3322602470252525,1.4083373359739788,0.32929396208613326,1.3655744474698324,-0.041024281664270995
125009,Nord 2 - Waidmannslust/Wittenau/Lübars,32388.0,3.397027600849257,22.714168039538716,7.6972952945535384,18.4255422861321,-0.5228506952967877,-1.2484650258534202,-0.05749832025707757,-1.3102774496876357,-0.5318447582252462
126010,Rollbergesiedlung,9305.0,7.995101469559132,31.163505894413124,22.224610424502956,52.10494203782794,-0.3382318637742001,3.5574294145807492,-1.4430672184779816,-4.716084245025634,1.6646986667472026
126011,MV Nord,27289.0,8.941584040138574,30.83280356007629,24.038990069258677,48.540354894104176,-1.0742940163873076,0.061046581422758095,-1.1432976415114915,-4.3198770697251945,1.7696967896359292
126012,MV Süd,13810.0,7.782503736061616,26.46414030692139,21.339608979000722,44.979158772262224,-0.2567577736369122,-0.20252635974527777,-1.9141808229866584,-2.7853717791535715,1.241492199484557
